mfcc_0,mfcc_1,mfcc_2,mfcc_3,mfcc_4,mfcc_5,mfcc_6,mfcc_7,mfcc_8,mfcc_9,mfcc_10,mfcc_11,mfcc_12
3.361309386940731225e-01,4.084215283309609174e-02,2.260609007069258602e-02,3.054786393582825110e-01,1.837761082707894400e-01,2.352390200887696237e-01,3.316301100403302171e-01,1.419037873755281953e-01,3.839754793037326863e-02,3.973991854117421285e-01,1.720913315191947568e-01,1.893385893423993049e-01,3.056088688222324823e-01
8.000000000000000444e-01,2.799355406103816168e-01,1.188360184049015549e-02,3.248156720756183446e-01,6.999999999999999556e-01,1.076639285723198641e-01,6.307567244653636274e-02,2.744559807497237713e-01,9.000000000000000222e-01,3.776468686289718990e-01,4.954469850313225621e-03,1.193389460225096621e-01,1.780980604542501400e-01
