mfcc_0,mfcc_1,mfcc_2,mfcc_3,mfcc_4,mfcc_5,mfcc_6,mfcc_7,mfcc_8,mfcc_9,mfcc_10,mfcc_11,mfcc_12
3.814189857908830694e-01,1.610425908026963393e-01,1.489884705251810770e-01,2.157098997578641569e-02,1.027068436522140110e-01,2.284988010287995752e-01,4.236731600302676842e-02,2.742528246742455267e-02,3.441244111408279238e-01,3.447866036133659939e-01,1.669618168927033963e-02,3.210313559572056663e-01,1.472285732217346599e-01
8.000000000000000444e-01,1.477623678442592792e-01,3.198621124021483464e-01,2.613097153922709984e-02,6.999999999999999556e-01,1.131065875925141295e-01,7.380750169618255363e-02,1.521936670430872884e-01,9.000000000000000222e-01,2.496225596085178688e-01,4.896209723300679745e-02,9.200726616267949909e-02,2.973574182386386489e-01
